-- phpMyAdmin SQL Dump
-- version 5.2.1
-- https://www.phpmyadmin.net/
--
-- Host: db:3306
-- Generation Time: Sep 02, 2024 at 08:15 AM
-- Server version: 9.0.1
-- PHP Version: 8.2.8

SET SQL_MODE = "NO_AUTO_VALUE_ON_ZERO";
START TRANSACTION;
SET time_zone = "+00:00";


/*!40101 SET @OLD_CHARACTER_SET_CLIENT=@@CHARACTER_SET_CLIENT */;
/*!40101 SET @OLD_CHARACTER_SET_RESULTS=@@CHARACTER_SET_RESULTS */;
/*!40101 SET @OLD_COLLATION_CONNECTION=@@COLLATION_CONNECTION */;
/*!40101 SET NAMES utf8mb4 */;

--
-- Database: `willeans_dotDisplay`
--
CREATE DATABASE IF NOT EXISTS `willeans_dotDisplay` DEFAULT CHARACTER SET utf8mb4 COLLATE utf8mb4_0900_ai_ci;
USE `willeans_dotDisplay`;

-- --------------------------------------------------------

--
-- Table structure for table `displays`
--

CREATE TABLE `displays` (
  `code` varchar(64) CHARACTER SET utf8mb3 COLLATE utf8mb3_unicode_ci NOT NULL,
  `title` varchar(64) CHARACTER SET utf8mb3 COLLATE utf8mb3_unicode_ci NOT NULL,
  `map` longtext CHARACTER SET utf8mb3 COLLATE utf8mb3_unicode_ci NOT NULL,
  `author` varchar(64) CHARACTER SET utf8mb3 COLLATE utf8mb3_unicode_ci NOT NULL,
  `authorId` varchar(64) CHARACTER SET utf8mb3 COLLATE utf8mb3_unicode_ci NOT NULL,
  `timeUploaded` varchar(64) CHARACTER SET utf8mb3 COLLATE utf8mb3_unicode_ci NOT NULL,
  `created` timestamp NOT NULL DEFAULT CURRENT_TIMESTAMP
) ENGINE=InnoDB DEFAULT CHARSET=utf8mb3 COLLATE=utf8mb3_unicode_ci;

--
-- Dumping data for table `displays`
--

INSERT INTO `displays` (`code`, `title`, `map`, `author`, `authorId`, `timeUploaded`, `created`) VALUES
('1OScSHeFYAi7W6qi0WTHKz2eocc7ySLy', 'bulby', '0000000000000000000000000000000000000000000000000000000000000000#0000000000000000000000000000000000000000000000000000000000000000#0000000000000000000000000000000000000000000000000000000000000000#0000000000000000000000000000000000000000000000000000000000000000#0000000000000000000000000000000000000000000000000000000000000000#0000000000000000000000000000000000000000000000000000000000000000#0000000001000000000000000000000000000000000000000000000000000000#0000000011100000000000000000000000000000000000000000000000000000#0000000010111100000000000000000000000000000000000000000000000000#0000000010000110000000000000000000000000000000011000000000000000#0000000010000001000000000000000000000000000001111100000000000000#0001000010000000100000000000000000000000000111001100000000000000#0001000010000000110000000000000000000000001100011000000000000000#0011110010000000011000000000000000000000010000110000000000000000#0010111001000000001000000000000000000001100000100000000000000000#0100001001000000001100000000000001111111000001100000000000000000#0100001101000000000100000000001110000000000001000000000000000000#0100000111000000000010000001110000000000000011000000000000000000#0100000011000000000010000001000000000000000000111000000000000000#0100000000100000000010000010000000000000000000001100000000000000#0100000000100000000010000100000000000000000000000011000000000000#0100000000010000000011001000000000000000000000000001110000000000#0100000000010000000001001000000000000000000000000000111000000000#0010000000010000000001110000000000000000000000000000001110000000#0010000000001000000000000000000000000000000000000000000011100000#0011000000001100000000000000000000000000000000000000000000110000#0001000000000110000000000000000000000001000000000000000000011000#0001000000000011000011100000000000000000000000000000000000001100#0000100000000001111110110000000000000000000000000000000000000100#0000010000001111111000010000000000000000000000000000000111111100#0000011000111000000000000000000000000000000000000000000110000000#0000001001100000000000000000000000000000000000000000000100000000#0000000110000000000000000100000000000000001000000000000010000000#0000000100000000000000000000000000000000001000000000000010000000#0000001100000000000000000000000000000000001000000000000010000000#0000001000000000001111110000000000000000001000000000000010000000#0000010000000000111000000000000000000000001000000000000100000000#0000110000000001100000011000000000000000001000000000000110000000#0000100000000111000000001000000000000000000000000000000111110000#0001100000001100000000000100000000000000000000000000000100011000#0001000000011000000000000100000000000000000000000000001000011000#0011000000110000000000000010000000000010000000000000000011110000#0010000011000000000000000011000000000000000000000000011110000000#0010000110000000000000000001100000000000000000000000110000000000#0010000100000000000000000000011000000000000000000000100000000000#0010001100000000000000000000000100000000000000000111000000000000#0010001000000000000000000000000011100000000111111000000000000000#0001010000000000000000000000000000111111111100000000000000000000#0001110000000000000000000000000000011000110000000000000000000000#0001100000000000000000000000000000000110010000000000000000000000#0001100000000000000000000000000000000011001000000000000000000000#0001100000000000000000000000000000000001100100000000000000000000#0000000000000000000000000000000000000000100100000000000000000000#0000000000000000000000000000000000000000011100000000000000000000#0000000000000000000000000000000000000000000000000000000000000000#0000000000000000000000000000000000000000000000000000000000000000#0000000000000000000000000000000000000000000000000000000000000000#0000000000000000000000000000000000000000000000000000000000000000#0000000000000000000000000000000000000000000000000000000000000000#0000000000000000000000000000000000000000000000000000000000000000#0000000000000000000000000000000000000000000000000000000000000000#0000000000000000000000000000000000000000000000000000000000000000#0000000000000000000000000000000000000000000000000000000000000000#0000000000000000000000000000000000000000000000000000000000000000#', 'Gamer', 'aa4RnN2EX6XrxiCD1JAV4rIU8LQ0QqJg7ZukCU8s8xvMbe8F7Rb9jhme9bhX9afE', 'March 2', '2023-03-03 00:02:24'),
('9Y7u1hpT9apCS93prs8x0rlQZh5EUwS5', 'happyGuy', '0000000000000000000000000000000000000000000000000000000000000000#0000000000000000000000000000000000000000000000000000000000000000#0000000000000000000000000000000000000000000000000000000000000000#0000000000000000000000000000000000000000000000000000000000000000#0000000000000000000000000000000000000000000000000000000000000000#0000000000000000000000000000000000000000000000000000000000000000#0000000000000000000000000000000000000000000000000000000000000000#0000000000000000000000000000000000000000000000000000000000000000#0000000000000000000000000000000000000000000000000000000000000000#0000000000000000000000000000000000000000000000000000000000000000#0000000000000000000000000000000000000000000000000000000000000000#0000000000000000000000000000000000000000000000000000000000000000#0000000000000000000000000000000000000000000000000000000000000000#0000000000000000000000000000000000000000000000000000000000000000#0000000000000000000000000000000000000000000000000000000000000000#0000000000000000000000000000000000000000000000000000000000000000#0000000000000000000000000000000000000000000000000000000000000000#0000000000000000000000000000000000000000000000000000000000000000#0000000000000000000000000000000000000000000000000000000000000000#0000000000000000000000000000000000000000000000000000000000000000#0000000000000000111100000000000000000000100000000000000000000000#0000000000000111000011111100000000000000100000000000000000000000#0000000000011000001100010110000000000000100000000000000000000000#0000000000010000010000000111000000000001000000000000000000000000#0000000001100110000000000001100000000011000000000000000000000000#0000000000000000000000000000100000000001101100000000000000000000#0000000110000000011000000000010000000010000100000000000000000000#0000000010000000011100000000010000000000000000000011111000000000#0000000100100000000000000000010000000100000010011111010000000000#0000000100000000000010000000010000001000000011110000000000000000#0000001100000000000001100000010000000000000011000000000000000000#0000001000000000000011110000110000011000000010000000000000000000#0000001000000000000011100000111111110000000011000000000000000000#0000001000000000000111100001111111100000000011000000000000000000#0000001001000000000111100011111111100000000011000000000000000000#0000001000000011000111000101110001000000000010000000000000000000#0000001000000011100000000101001111000000000011000000000000000000#0000000100000001000000001011110001000000000010000000000000000000#0000000100000000000000010011111111000000000010000000000000000000#0000000000100000000000011100000000100000000111100000000000000000#0000000010000000000000101000000000110000001000011110000000000000#0000000011100000000011011000000000001100011000000000000000000000#0000000000111111111100110000000000011111110000000000000000000000#0000000000111000000011100000000000010111100000000000000000000000#0000000000011110001111000000000000000000000000000000000000000000#0000000000000111111110000000000000000000000000000000000000000000#0000000000000000000000000000000000000000000000000000000000000000#0000000000000000000000000000000000010000000000000000000000000000#0000000000000000000000000000000000000000000000000000000000000000#0000000000000000000000000000000000000000000000000000000000000000#0000000000000000000000000000000000000000000000000000000000000000#0000000000000000000000000000000000010000000000000000000000000000#0000000000000000000000000000000000000000000000000000000000000000#0000000000000000000000000000000000100000000000000000000000000000#0000000000000000000000000000000000100000000000000000000000000000#0000000000000000000000000000000000000000000000000000000000000000#0000000000000000000000000000000000000000000000000000000000000000#0000000000000000000000000000000000000000000000000000000000000000#0000000000000000000000000000000000000000000000000000000000000000#0000000000000000000000000000000000000000000000000000000000000000#0000000000000000000000000000000000000000000000000000000000000000#0000000000000000000000000000000000000000000000000000000000000000#0000000000000000000000000000000000000000000000000000000000000000#0000000000000000000000000000000000000000000000000000000000000000#', 'Gamer', 'aa4RnN2EX6XrxiCD1JAV4rIU8LQ0QqJg7ZukCU8s8xvMbe8F7Rb9jhme9bhX9afE', 'February 27', '2023-02-28 01:44:10'),
('ANUyXRyPp6LwvR81Wt69is50lm6ZZk3h', 'balling', '0000000000000000000000000000000000000000000000000000000000000000#0000000000000000000000000000000000000000000000000000000000000000#0000000000000000000000000000000000000000000000000000000000000000#0000000000000000000000000000000000000000000000000000000000000000#0000000000000000000000000000000000000000000000000000000000000000#0000000000000000000000000000000000000000000000000000000000000000#0000000000000000000000000000000000000000000000000000000000000000#0000000000000000000000000000000000000000000000000000000000000000#0000000000000000000000000000000000000000000000000000000000000000#0000000000000000000000000000000000000000000000000000000000000000#0000000000000000000011111111111111000000000000000000000000000000#0000000000000000011111111111111111111000000000000000000000000000#0000000000000001111111111010000111111111000000000000000000000000#0000000000000011111110001000000000111111100000000000000000000000#0000000000001111111110110111100000011111100000000000000000000000#0000000000011111111100010010110000000111111100000000000000000000#0000000000111111111111111111011001011011111100000000000000000000#0000000000111111111111111111110110100001111100000000000000000000#0000000011111111111111111100101011000001111100000000000000000000#0000000011111111111111111101011000000000111110000000000000000000#0000000011111111111111111101111000001100011110000000000000000000#0000000011111111111111111110110100110010101110000000000000000000#0000000111111111111111111111111101001010011111000000000000000000#0000000111111111111111111111111110100000011111000000000000000000#0000000111111111111111111111111100111010001111000000000000000000#0000000111111111111111111111111110101001001111000000000000000000#0000000111111111111111111111111111101101001111000000000000000000#0000000111111111111111111111111111100101011111000000000000000000#0000000111111111111111111111111110110000011111000000000000000000#0000000111101111111111111111111111011111011111000000000000000000#0000000111101111111111111111111111111011001110000000000000000000#0000000111110111111111111111111110110001001110000000000000000000#0000000011110101111111111111111111000101101110000000000000000000#0000000011110001111111111111111111011111101110000000000000000000#0000000011111111111111111111111111111000101110000000000000000000#0000000011111111111111111111111111111011001110000000000000000000#0000000001111101111111111111111111111001111110000000000000000000#0000000001111110011111111111111111111111111100000000000000000000#0000000001111110011111111111111111111110111100000000000000000000#0000000000111111001111111111111111111110111000000000000000000000#0000000000111111101011111111111111111111111000000000000000000000#0000000000111111110010101111111111111011100000000000000000000000#0000000000011111111111111111111111110111100000000000000000000000#0000000000001111111111111111111111110111000000000000000000000000#0000000000000111111111111111111111111110000000011111000000000000#0000000000000011111111111111111111110000000001111111100000000000#0000000000000000111111111111111111110000000001101110110000000000#0000000000000000000111111111111110000000000001010111011000000000#0000000000000000000000000000000000000000000011111101101000000000#0000000000000000000000000000000000000000000011111111111000000000#0000000000000000000000000000000000000000000011111111101000000000#0000000000000000000000000000000000000000000011011011111000000000#0000000000000000000000000000000000000000000011011111110000000000#0000000000000000000000000000000000000000000001100001110000000000#0000000000000000000000000000000000000000000000110111100000000000#0000000000000000000000000000000000000000000000011110000000000000#0000000000000000000000000000000000000000000000000000000000000000#0000000000000000000000000000000000000000000000000000000000000000#0000000000000000000000000000000000000000000000000000000000000000#0000000000000000000000000000000000000000000000000000000000000000#0000000000000000000000000000000000000000000000000000000000000000#0000000000000000000000000000000000000000000000000000000000000000#0000000000000000000000000000000000000000000000000000000000000000#0000000000000000000000000000000000000000000000000000000000000000#', 'Gamer', 'aa4RnN2EX6XrxiCD1JAV4rIU8LQ0QqJg7ZukCU8s8xvMbe8F7Rb9jhme9bhX9afE', 'February 24', '2023-02-26 02:36:08'),
('ANYeRLPLSwzOtuzejqMUhEno7ZlpLQlE', 'Spooky', '0000000000000000000000000000000000000000000000000000010000000010#0011000000000000000000000000000000000000000000001100010000000000#0111000000000010000000000000000000000000000001111000001000000000#0111100000100001000000000011000111001000001100110000001101111100#0011100100110000000000011111011011111011111111101101001011110000#0011111111111001110111111111111111111111111111111111111111111000#0011111111111111111111111111111111111111111111111111111111010000#0001111111111111111111111111111111111111111111111111111110000000#0001111111111111111111111111111111111111111111111111111111100000#0001111111111111111111111111111111111111111111111111111011110000#0001111111111111111111111111111111111111111111111111111101110000#0001111111111111111111111111111111111111111111111111111110001000#0001111111111111111111111111111111111111111111111111111111011000#0000111111111111111000010001111111111100000001111111111111100000#0000111111111111111111000000001111111100000001111111111110000000#0000111111111111111000000000000111111111000000111111111111000000#0000111111111111111000000000000111111111100000111111111111000000#0000000111111111111011000011011111111111100000011111111111000000#0000001011111111111000110000001111111111111000000111111111110000#0000000111111111111111001100010111111111100000000111111111000000#0000111111111111111111111111111111111111000000001011111111100000#0000111111111111111111111111111111111111100000000011111111111111#0000111111111111111111111111111111111111100000000011111111111110#0000111111111111111111111111111111111111111010100011111111111000#0000111111111111111111111111111111111111111111000000111111110000#0000111111111111111111111111111111111111111100000000111111100110#0000000111111111111111111111111111111111111100000000111111111110#0000001111111111111111111111111111111111111111000000000110110000#0000000111111111111111111111111111111111111111000000001110101100#0000000111111111111111111111111111111111111111100000001110110110#0000001111111111111111111111111111111111111111111100000111110110#0000001111111111111111111111111111111111111111111000000111111000#0000111111111111111111111111111111111111111111111000001111001000#0000111111111111111111111111111111111111111111000000001111000000#0000111111111111111111111111111111111111111111000000011011110100#0000111111111111111111111111111111111111111100000000011111111100#0000111111111111111111111111111111111111111100000000011111011100#0000111111111111111111111111111111111111111100000000111111010100#0000011111111111111111111111111111111111111111000000111111010000#0000011111111111111111111111111111111111111101000000111111111000#0000011111111111111111111111111111111111111110000111111111001100#0000111111111111111111111111111111111111101000000111111111111000#0001111111111111111111111111111111111111110000011111111111000000#0001111111111111110001100001011111111111100000001111111110000000#0001111111111111111110000000001111111101100001011111111111100000#0001111111111111110000100000101111111110000000111111111111100000#0001111111111111111110101001101111111110000001111111111110000000#0001111111111111111000000000000111111110000111111111111111000000#0001111111111111111000000000000111111110000011111111111110010000#0001111111111111111101100000001111111111111111111111111110100000#0001111111111111111111111111111111111111111111111111111110010000#0001111111111111111111111111111111111111111111111111111111000000#0001111111111111111111111111111111111111111111111111111111000000#0011111111111111111111111111111111111111111111111111111100000000#0011111111111111111111111111111111111111111111111111111100100000#0011111111111111111111111111111111111111111111111111111010110000#0011111111111111111111111111111111111111111111111111110000110000#0011111111111111111111111111111111111111111111111111110001000000#0011111111111111111111110111111111111111111111001111111011000000#0011111111111111111111111111111111100111111110001111111011100000#0011111001001110010100110100011100110111111000001111011000100000#0111100000000000000100100000001100111010000100001110000100000000#0000000000000000000000010011101100000000000000010010000000100000#0000000000000000000000000000000000000000000000000000000000010000#', 'Gamer', 'aa4RnN2EX6XrxiCD1JAV4rIU8LQ0QqJg7ZukCU8s8xvMbe8F7Rb9jhme9bhX9afE', 'March 3', '2023-03-04 00:43:36'),
('b7To8vHwCguO0AOxBV5Brt2jR96cK8eK', 'marin', '0000000000000000000000000000000000000000010000000000000000000000#0000000000000000000000000000000000000000010000000000011000000000#0000000000000000000000000000000000000000010000000000011000000000#0000000000000000000000000000000000000000010000000000011000000000#0000000000000000000000000000000000000000010011100000000000000000#0000000000000000000000000000000000000000010010100000000000000000#0000000000000000000000000000000000000000010011100111000000000000#0000000000000000000000000000000000000000010000000101000000000000#0000000000000000000000000000000000000000010000000111000000000000#0000000000000000000000000000000000000000010000000000000000000000#0000000001000000000000000000000000000000010000000000000000000000#0000000001000000000000000000000000000000001000111000000000000000#0000000001000000000000000000000000000000001000101000000000000000#1110000001000000000000000000000000000000001000110001100000000000#1111000001100000000000000000000000000000001000000011100000000000#0111100001100000000000000000000000000000001100000001100000000000#0000111101100000000000000000000000000000000100000001100000000000#0000011110100000000000000000000000000000000100000000000000000000#0000000111110000000000000000000000000000000100000000000000000000#0011111111110000000000000000000000000000000100000000000000000000#0000000000111000000000000000000000000000000100000000000000000000#0000000000001100000000000000000000000000000100000000000000000000#0000111111000110000000111111111110000000000100000000000000000000#0000100010110111000111100000000001111111111100000000000000000000#0000010010010011011100000000000000000000011111000000000000000000#0000010011001111110000110000000000000000011111000000000000000000#0000001001110111100000110000000000000000011111100000000000000000#0000001100011111101100110000000000000000001111100000000000000000#0000000110000111001100000000000000000000000001000000000000000000#0000000011000011101100000000000000000000000001000000000000000000#0000000001111111100000000011100000000000000011000000000000000000#0000000000000101100000000111100000000000001110000000000000000000#0000000000000100000000000101100000000011111000000000000000000000#0000000000001100000000000111000000011110000000000000000000000000#0000000000001000000000000000000000011110000000000000000000000000#1100000000001000000000000000000000011110000000000000000000000000#1111111111111110000000000000000000011110000000000000000000000000#0000011111111111000000000000000000011100000000000000000000000000#0000110011001110000000000000000001111000000000000000000000000000#0001100011111100000000000000000011110000000000000000000000000000#0011001101000000000000000000111111000000000000000000000000000000#0110001001000000000000111111111110000000000000000000000000000000#1100011011000000000001100111100000000000000000000000000000000000#0000010010000000000000000000000000000000000000000000000000000001#0000010010001110000000000000000000000000000000000000000000011111#0000100010001010000000000000000000000000000000000000000011110000#0000100010110011000000000000000000000000000000000000001110000000#0000100011100001100000000000000000000000000000000001110000000000#0000100111000000010000000000000000000000000000000011000000000000#0000111000000000001100000000000000000000000000001110000000000000#0000000000000000000110000000000000000000000000011000000000000000#0000000000000000000001100000000000000000000000110000000000000000#0000000000000000000000011000000000000000000001000000000000000000#0000000000000000000000001111000000000000000010000000000000000000#0000000000000000000000000001111000000000000010000000000000000001#0000000000000000000000000000001111000000000011000000000000001110#0000000000000000000000000000000001111111111111110000001111110000#0000000000000000000000000000000000000000000000001111110000000000#0000000000000000000000000000000000000000000000000000000000000000#0000000000000000000000000000000000000000000000000000000000000000#0000000000000000000000000000000000000000000000000000000000000000#0000000000000000000000000000000000000000000000000000000000000000#0000000000000000000000000000000000000000000000000000000000000000#0000000000000000000000000000000000000000000000000000000000000000#', 'DofinBird', 'A1l1qJE3jymci2amSi4d0IgGzUU5WKptWmTyuzXuXF7FnfukbeeCsF4Se9bj3c78', 'February 29', '2024-03-01 05:17:15'),
('BrxoNyFQeu33qyTukwEYqUyt6x2r6sye', 'duck', '0000000000000000000000000000000000000000000000000000000000000000#0000000000000000000000000000000000000000000000000001100000000000#0000000000000000000000000000000000000000000000000001111000000000#0000000000000000000000000000000000000000000000000011001100000000#0000000000000000000000000000000000000000000000001110000011000000#0000000000000000000000000000000000000000000000011000000001100000#0000000000000000000000000000000000000000000011100000000000110000#0000000000000000000000000000000000000000000110000000000000010000#0000000000000000000000000000000000000000001000000000000000011000#0000000000000000000000000000000000000000010000000000000000001000#0000000000000000000000000000000000000001100000000000000000001000#0000000000000000000000000000000000000001000000000000000000001100#0000000000000000000000000000000000000110000000000000000000000100#0000000000000000000000000000000000001100000000000000000000000100#0000000000000000000000000000000000011000000000000011100000000100#0000000000000000000000000000000000010000000000000100100000000100#0000000000000000000000000000000000100000000000001000100000000100#0000000000000000000000000000000000100000000000001000111110000100#0000000000000000000000000000000001000000000000010000100011000100#0000000000000000000000000000000001000000000000000000000001000100#0000000000000000000000000000000011000000000000000000000001000100#0000000000000000000000000000000010000000000000000000000001000100#0000000000000000000000000000000010000000000000000000000010000100#0000000000000000000000000000000010000000000000000000000010000100#0000000000000000000000000000000110000000000000000000000100000100#0000000000000000000000000000000100000000000000000000000010000100#0000000000000000000000000000000100000000000000000000000010000100#0000000000000000000000000000000100000000000000000000000010000100#0000000000000000000000000000000100000000000000000000000010000100#0000000000000000000000000000001000000000000000000000000100000100#0000000000000000000000000000001000000000000000000000001100001000#0000000000000000000000000000011000000000000000000000001000001000#0000000000000000000000000000110000000000000000000000010000001000#0000000000111000000000000011100000000000000000000000100000001000#0000000011101111000000011110000000000000000000000001000000001000#0000000110000000111111110000000000000000000000000010000000001000#0000001100000000000000000000000000000000000000000100000000001000#0000001000000000000000000000000000000000000000001000000000010000#0000001000000000000000000000000000000000000000010000000000010000#0000001000000100000000000000000000000000000000110000000000010000#0000001000000110000000000000000000000000000001000000000000110000#0000001000000000000010000000000000000000000000000000000000100000#0000001000000000000111110000000000000000000000000000000001100000#0000001100000000001100011100000000000000000000000000000001000000#0000000100000000001000000111000000000000000000000000000010000000#0000000110000000001000000001110000000000000000000000000110000000#0000000011000000001000000000001110000000000000000000011000000000#0000000001100000010000000000000011110000000000000000110000000000#0000000000111000010000000000000000011110000000000001100000000000#0000000000001100010000000000000000000011000000000111000000000000#0000000000000100010000000000000000000000111111111000000000000000#0000000000000110010000000000000000000000000000000000000000000000#0000000000000010100000000000000000000000000000000000000000000000#0000000000000011100000000000000000000000000000000000000000000000#0000000000000001100000000000000000000000000000000000000000000000#0000000000000000000000000000000000000000000000000000000000000000#0000000000000000000000000000000000000000000000000000000000000000#0000000000000000000000000000000000000000000000000000000000000000#0000000000000000000000000000000000000000000000000000000000000000#0000000000000000000000000000000000000000000000000000000000000000#0000000000000000000000000000000000000000000000000000000000000000#0000000000000000000000000000000000000000000000000000000000000000#0000000000000000000000000000000000000000000000000000000000000000#0000000000000000000000000000000000000000000000000000000000000000#', 'Gamer', 'aa4RnN2EX6XrxiCD1JAV4rIU8LQ0QqJg7ZukCU8s8xvMbe8F7Rb9jhme9bhX9afE', 'March 30', '2023-03-31 00:45:16'),
('CXAVRD5ybMTGYctWJezKBF4fZceVhlHz', 'bunryh8u', '0000000000000000000000000000000000000000000000000000000000000000#0000000000000000000000000000000000000000000000000000000000000000#0000000000000000000000000000000000000000000000000000000000000000#0000000000000000000000000000000000000000000000000000000000000000#0000000000000000000000000000000000000000000000000000000000000000#0000000000000000000000000000000000000000000000000000000000000000#0000000000000000000000000000000000000000000000000000000000000000#0000000000000000000000000000000000000000000000000000000000000000#0000000000000000000000000000000000000000000000000000000000000000#0000000000000000000111000000000000000000000000000000000000000000#0000000000000000000111110000000000000000000000100000000000000000#0000000000000000001111111000000000000000000001100000000000000000#0000000000000000001110111000000000000000000001000000001000000000#0000000000000000001111011100000000000000000011111110100000000000#0000000000000000000111001100000000000000000011110000000000000000#0000000000000000000111000110000000000000000011100000000000000001#0000000000000000000011100110000000000000000011000000000000000001#0000000000000000000001110011000000000000000011000000000000001101#0000000000000000000000110011100000000000000011000000000001111111#0000000000000000000000011001100000000000000011000000000011111111#0000000000000000000000001100110000000000000011000000000011000000#0000000000000000000000000111111111110000000011000000000011000000#0000000000000000000000000111111111111100000001100000000011000000#0000000000000000000000000111111111111111000001100000000011000000#0000000000000000000000001111110011111111100001100000000011100000#0000000000000000000000001111110011111111100001110000000011100000#0000000000000000000000001111111111110111100001110000000001100000#0000000000000000000000001111111111110111110000110000000001100000#0000000000000000000000011111111111101111110000110000000001100000#0000000000000000000000011111111111101111110000110000000001110000#0000000000000000000000011111111111101111110000111110000001110000#0000000000000000000000011111111111101111110100111111110001111000#0000000000000000000000011111111111101111110111111111111111111000#0000000000000000000000001111111111011111100111111111111111111000#0000000000000000000000011111100111011111101111111111111111111000#0000000000000000000001111111100111111111000011111111111111111000#0000000000000000000011110111111111111111000001111111111111111000#0000000000000000000111001111111111111110000001111111111111111000#0000000000000000001110011000111111111000000011111111111111111000#0000000000000000011000110000000000000000000011011111111001111000#0000000000000000110011100000000000000000000110011111110001110000#0000000000000001110111000000000000000000000110000000000011100000#0000000000000011101111000000000000000000000110000000000011000000#0000000000000111111110000000000000000000001110000000000011000000#0000000000000111111100000000000000000000001100000000000110000000#0000000000000011111000000000000000000000001100000000000110000000#0000000000000000000000000000000000000000001000000000001110000000#0000000000000000000000000000000000000000011000000000001100000000#0000000000000000000000000000000000000000011000000000001100000000#0000000000000000000000000000000000000000011000000000001111111111#0000000000000000000000000000000000000000111100000000001111111111#0000000000000000000000000000000000000000111100000000000000000001#0000000000000000000000000000000000000000100110110000100000000001#0000000000000000000000000000000000000000110000000000000000000000#0000000000000000000000000000000000000000000000000000000000000000#0000000000000000000000000000000000000000000000000000000000000000#0000000000000000000000000000000000000000000000000000000000000000#0000000000000000000000000000000000000000000000000000000000000000#0000000000000000000000000000000000000000000000000000000000000000#0000000000000000000000000000000000000000000000000000000000000000#0000000000000000000000000000000000000000000000000000000000000000#0000000000000000000000000000000000000000000000000000000000000000#0000000000000000000000000000000000000000000000000000000000000000#0000000000000000000000000000000000000000000000000000000000000000#', 'Gamer', 'aa4RnN2EX6XrxiCD1JAV4rIU8LQ0QqJg7ZukCU8s8xvMbe8F7Rb9jhme9bhX9afE', 'February 26', '2023-02-26 07:03:23'),
('EoMG3mxt8o0iSwVhh4e3SoOboIn9v3TY', 'royalty', '0000000000000000000000001111111000000000000000000000000000000000#0000000000000000000000011000000010000000000000000000000000000000#0000000000000000000000010000000110000000000000000000000000000000#0000000000000000000000110000001000000000000000000000000000000000#0000000000000000000001100000010100000000000000000000000000000000#0000000000000000000001000000110100000000000000000000000000000000#0000000000000000000010000000101100000000000000000010000000000000#0000000000000000000110001000101000000000000000000010001000000000#0000000000000000000101111000101000000000000000000110011000000000#0000000000000000000111110001001000000000000000001110011000000000#0000000000000000011111111001001000000000000000001110011000000000#0000000000000000011111111101001000000000000000011100111111000000#0000000000000000111111111101001000000000000000111111100111111000#0000000000000000111111111101010000000000000000111111101111111000#0000000000000001111101111101010000000000000001111111001111111000#0000000000000001111101111111110000000000000011111111011111111000#0000000000000011111000011110110000000000000111111110111111111000#0000000000000011111000011110110000000000001111111100111111111000#0000000000000011111000001111111000000000001111111001111111111000#0000000000000111111000001111111000000000011111111011111111111000#0000000000000111111000001111111100000001111111110111111111111000#0000000000001111111000001111111100000001111111101111111111111000#0000000000001111111000001111111110000111111110011111111111111000#0000000000001111111000001111111000111111111100111111111111111000#0000000000011111110000011111111101111111111001111111111111111000#0000000000011111110101111111111001111111110011111111111111111000#0000000000111111100111111111111011111111111001111111111111111000#0000000011111111111111111111110011111011111001111111111111111000#0000011100000111100111111111110111111011110011111111111111111000#0001110000011111111111111111000111111101110111111111111111111000#1110000000111111111111111110011111111001110111111111111111111000#1111111111100111111111111011111111110011111001111111111111111000#0000000110001111111111101011111111100111111110111111111111111000#0000001100001111111111111111111111101111111100011111111111111000#0000011000001111111111111111111111101111110001111111111111111000#0000110000001101111111111111111111110111100111111111111111111000#0001100000011110011111111111111111110111100111111111111111111100#0011000000011111100111111111111111110111110111111111111111111100#0010000000111111110111111111111111110111111011111111111111111100#0100000011100000010110001111100000100111111011111111111111111100#0100001110000000010000100111011111001111111011111111111111111100#1100111100000000111111110100111111111111111001111111111111111100#1111001100000001111111111001111111111111110001111111111111111100#1000001000000011100011111111111111111111101111111111111111111100#0000011000000110000111111111111111111111101111111111111111111100#0000110000011100011011111111111111111111101111111111111111111100#0000100000110100010001111111111111111111101111111111111111111100#0001000011000100110000011111111111111111101111111111111111111100#0010001100001100100000001111111111111111101111111111111111111100#0011110000001001100000000111111111111111101111111111111111111100#0000000000011011000000000001111111111111100011111111111111111100#0000000000010110000000000000111111111111000001111111111111111100#0000000000011100000000000000011111111110000000011111111111111100#0000000000111000000000000000001111111100000000000111111111111100#0000000000000000000000000000000111111000000000000011111111111100#0000000000000000000000000000000111010000000000000001111111111000#0000000000000000000000000000000011000000000000000000011111111000#0000000000000000000000000000000010000000000000000000001111111000#0000000000000000000000000000000000000000000000000000000111111000#0000000000000000000000000000000000000000000000000000000011111000#0000000000000000000000000000000000000000000000000000000000110000#0000000000000000000000000000000000000000000000000000000000000000#0000000000000000000000000000000000000000000000000000000000000000#0000000000000000000000000000000000000000000000000000000000000000#', 'Gamer', 'aa4RnN2EX6XrxiCD1JAV4rIU8LQ0QqJg7ZukCU8s8xvMbe8F7Rb9jhme9bhX9afE', 'February 27', '2023-02-28 00:37:45'),
('Gsw33zp2YUfN5cTR8vBmWGzAZ24HcE36', 'Torki', '0000000000000000000000000000000000000000000000000000000000000000#0000000000000000000000000000000000000000000000000000000000000000#0000000000000000000000000000000000000000000000000000000000000000#0000000000000000000000000000001111111111000000000000000000000000#0000000000000000000001111111111111111111000000000000000000000000#0000000000000000000001111111111111111111111111111110000000000000#0000000000000000001111111111111111111111111111111110000000000000#0000000000000000001111111111111111111111111111111110000000000000#0000000000000000001111111111111111111111111111111111100000000000#0000000000000011111111111111111111111111111111111111100000000000#0000000000000011111111111111111111111111111111111111100000000000#0000000000000011111110000111111111111111111111111111110000000000#0000000000000011111100110011111111111111111111111111110000000000#0000000000111111111100110011111111111111111111111111111111000000#0000000000111111111110000011111111111111111111111111111111111000#0000000011111111111111111111111111111111111111111111111111111110#0000000011111111111111111111111111111111111111111111111111111111#0000000011111111111111111111111111111111111111111111111111111111#0000001111111111111111111111111111111111111111111111111011111111#0000001111111111111111111111111111111111111111111111111000000000#0000001111111111111111111111111111111111111111111111111000000000#0000111111111111111111111111111111111111111111111111111000000000#0000111111111111111111111111111111111111111111111111111000000000#0001111111111111111111111111111111111111111111111111111000000000#0001111111111111111111111111000111111111111111111111111000000000#0001111111111111111111111111111011111111111111111111111000000000#0011111111111111111111111111111011111111111111111111111000000000#0011111111111111111111111111111011111111111111111111111000000000#0011111111111111111111111111110011111111111111111111111000000000#0011111111111111111111111111000111111111111111111111111100000000#0111111111111111111111111111111111111111111111111111111100000011#0111111111111111111111111111111111111111111111111111111100011111#0111111111111111111111111111111111111111111111111111111111111111#0111111111111111111111111111111111111111111111111111111111111110#0111111111111111111111111111111111111111111111111111111111111110#0111111111111111111111111111111111111111111111111111111111111100#0011111111111111111111111111111111111111111111111111111111111000#0011111111111111111111111111111111111111111111111111111111110000#0011111111111111111111111111111111111111111111111111111111000000#0011111111111111111111111111111111111111111111111111111110000000#0011111111111111111111100001111111111111111111111111111100000000#0011111111111111111111000000111111111111111111111111111000000000#0001111111111111111110001100111111111111111111111111110000000000#0001111111111111111110011110111111111111111111111111110000000000#0000111111111111111110011110111111111111111111111111100000000000#0000111111111111111110001100111111111111111111111111000000000000#0000111111111111111111000001111111111111111111111110000000000000#0000001111111111111111111111111111111111111111111110000000000000#0000001111111111111111111111111111111111111111111100000000000000#0000000011111111111111111111111111111111111111110000000000000000#0000000011111111111111111111111111111111111111100000000000000000#0000000001111111111111111111111111111111111110000000000000000000#0000000001111111111111111111111111111111111000000000000000000000#0000000000011111111111111111111111111111100000000000000000000000#0000000000011111111111111111111111111111100000000000000000000000#0000000000011111111111111111111111111100000000000000000000000000#0000000000000111111111111111111111111000000000000000000000000000#0000000000000000000011111111111110000000000000000000000000000000#0000000000000000000000000000000000000000000000000000000000000000#0000000000000000000000000000000000000000000000000000000000000000#0000000000000000000000000000000000000000000000000000000000000000#0000000000000000000000000000000000000000000000000000000000000000#0000000000000000000000000000000000000000000000000000000000000000#0000000000000000000000000000000000000000000000000000000000000000#', 'Gamer', 'aa4RnN2EX6XrxiCD1JAV4rIU8LQ0QqJg7ZukCU8s8xvMbe8F7Rb9jhme9bhX9afE', 'February 25', '2023-02-26 04:03:12'),
('GXrpG7tdulwi7bJOT2pclUtk2tUPVjYx', 'Blimpblormp', '0000000000000000000000000000000000000000000000000000000000000000#0000000000000000000000000000000000000000000000000000000000000000#0000000000000000000000000000000000000000000000000000000000000000#0000000000000000000000000000000000000000000000000000000000000000#0000000000000000000000000000000000000000000000000000000000000000#0000000000000000000000000000000000000000000000000000000000000000#0000000000000000000000000000000000000000000000000000000000000000#0000000000000000000000000000000000000000000000000000000000000000#0000000000000000000000000000000000000000000000000000000000000000#0000000000000000000000000000000000000000000000000000000000000000#0000000000000000000000000000000000000000000000000000000000000000#0000000000000000000000000000000000000000000000000000000000000000#0000000000000000000000000000000000000000000000000000000000000000#0000000000000000000000000000000000000000000000000000000000000000#0000000000000000000000000000000000000000000000000000000000000000#0000000000000000000000000000000111111111111100000000000000000000#0000000000000000000000000011111111111111111111000000000000000000#0000000000000000000000001111111111111111111111100000000000000000#0000000000000000000000111111111111111111111111111000000000000000#0000000000000000000001111111110001111111111111111000000000000000#0000000000000000000011111100000000001111111111111110000000000000#0000000000000000001111111100000000000111111111111111000000000000#0000000000000000001111111000000000000011111111111111111000000011#0000000000000000011111110000000000000011111111111111111110000011#0000000000000000011111100000001110000001111111111111111111110011#0000000000000000111111100000001110000001111111111111111111111111#0000000000000000111111000000001110000000111111111111100001111111#0000000000000000111111000000000000000000111111111111000000000111#0000000000000000111110000000000000000000111111111111100000000000#0000000000000000111110000000000000000000111111111111100000000000#0000000000000000111110000000000000000000011111111111100000000000#0000000000000000111110000000000000000000011111111111100000000000#0000000000000000111110000000000000000000011111111111100000000000#0000000000000000111110000000000000000000011111111111100000000000#0000000000000000111110000000000000000000111111111111100000000000#0000000000000000111110000000000000000000111111111111100000000000#0000000000000000111111000000001110000000111111111111100000000000#0000000000000000111111000000001110000000111111111111100000000000#0000000000000000011111000000001110000001111111111111110000000000#0000000000000000011111100000000000000001111111111111111111111111#0000000000000000001111100000000000000001111111111111111111111111#0000000000000000001111110000000000000011111111111111111111111111#0000000000000000000111111000000000000111111111111111111110000011#0000000000000000000111111110000000000111111111111111111000000011#0000000000000000000001111111110001111111111111111000000000000001#0000000000000000000000111111111111111111111111111000000000000000#0000000000000000000000111111111111111111111111110000000000000000#0000000000000000000000001111111111111111111111100000000000000000#0000000000000000000000000001111111111111111111000000000000000000#0000000000000000000000000000001111111111111100000000000000000000#0000000000000000000000000000000011111111100000000000000000000000#0000000000000000000000000000000000000000000000000000000000000000#0000000000000000000000000000000000000000000000000000000000000000#0000000000000000000000000000000000000000000000000000000000000000#0000000000000000000000000000000000000000000000000000000000000000#0000000000000000000000000000000000000000000000000000000000000000#0000000000000000000000000000000000000000000000000000000000000000#0000000000000000000000000000000000000000000000000000000000000000#0000000000000000000000000000000000000000000000000000000000000000#0000000000000000000000000000000000000000000000000000000000000000#0000000000000000000000000000000000000000000000000000000000000000#0000000000000000000000000000000000000000000000000000000000000000#0000000000000000000000000000000000000000000000000000000000000000#0000000000000000000000000000000000000000000000000000000000000000#', 'Gamer', 'aa4RnN2EX6XrxiCD1JAV4rIU8LQ0QqJg7ZukCU8s8xvMbe8F7Rb9jhme9bhX9afE', 'March 2', '2023-03-02 18:08:18'),
('iXWyvsifE4VrhPFja7lJeu0dox0Cot4p', 'knighty', '0000000000000000000000000000000000000000000000000000000000000000#0000000000000000000000000000000000000000000000000000000001100000#0000000000000000000000000000000000000000000000000000000011110000#0000000000000000000000000000000000000000000000000000001100010000#0000000000000000000000000000000000000000000000000000011000001000#0000000000000000000000000000000000000000000000000000110000001000#0000000000000000000000000000000000000000000000000000110000001000#0000000000000000000000000000000000000000000000000001100000000100#0000000000000000000000000000000000000000000000000011000000000100#0000000000000000000000000000000000000000000000000110000000000000#0000000000000000000000000000000000000000000000000100000000000000#0000000000000000000000000000000000000000000000001100000000000000#0000000000000000000011111111111111111000000000011000000000000000#0000000000000000111111111111111111111111110000110000000000000000#0000000000000111111111111111111111111111111110100000000000000000#0000000000011111111111111111111111111111111111100000000000000000#0000000000111111111111111111111111111111111111111000000000000000#0000000001111111111111111111111111111111111111111111110000000000#0000000011111111111111111111111111111111111111110010111100000000#0000000011111111111111111111111111111111111111111000011111000000#0000000111111111111111111111111111111100000001111100011111010000#0000001111111111111111111111111111111000000000011100001111111100#0000011111111111111111111111111111111111111111111110000111111000#0000011111111111111111111111111111111111111111111111000010011110#0000011111111111111111111111111111111111111111111111000001110110#0000011111111111111111000000001111111111111111111111000001110101#0000011111111111111110000000000011111111111111111111000001100111#0000111111111111111100000111000001111111111111111111100001010110#0000111111111111111100011111100001111111100000000111100001111011#0000111111111111111000111111111000111111000000000011100000110111#0000111111111111111000110111111001111100000000000011100001110111#0000111111111111111000000111100001111111100000001111100001010100#0000111111111111111100000011000001111111111111111111100011111100#0000111111111111111110000000000011111111111111111111100011100011#0000111111111111111111000000001111111111111111111111100011011111#0000111111111111111111111111111111111111111111111111000011111101#0000011111111111111111111111111111111111111111111111000111001000#0000011111001111111111111111111111111000000000011110001110100111#0000111111000111111111111111111111111111000001111110001101110110#0001111111111000111111111111111111111111111111111100011111111000#0001111111110000011111111111111111111111111111111111111111000000#0011111111111010011111111111111111111111111111110000000000000000#0011111111111111110111111111111111111111111111110000000000000000#0111111111111111110000111111111111111111111111110000000000000000#0101111111111111111110110011111111111111111111100000000000000000#0100111110111111111111111111111111111111111111000000000000000000#0100000001011111111111111111111111111111111110011000000000000000#0100111011101111111111111111111111111111110000001110000000000000#0100110111000011111111111111111111111000000000000011000000000000#0100000100000000011111111111111110000000000000000001110000000000#0110000000000000000000001100000000000000000000000000001110000000#0010000000000000000000000010000000000000000000000000000111100000#0000000000000000000000000001000000000000000000000000000011111000#0000010000000000000000000001000000000000000000000000000000111110#0000010000000000000000000001000000000000000000000000000000000011#0000001000000000000111111111100000000000000000000000000000000000#0000000111000001111000000000100000000000000000000000000000000000#0000000000111111000000000000000000000000000000000000000000000000#0000000000000000000000000000000000000000000000000000000000000000#0000000000000000000000000000000000000000000000000000000000000000#0000000000000000000000000000000000000000000000000000000000000000#0000000000000000000000000000000000000000000000000000000000000000#0000000000000000000000000000000000000000000000000000000000000000#0000000000000000000000000000000000000000000000000000000000000000#', 'Gamer', 'aa4RnN2EX6XrxiCD1JAV4rIU8LQ0QqJg7ZukCU8s8xvMbe8F7Rb9jhme9bhX9afE', 'March 1', '2023-03-01 21:32:50');
INSERT INTO `displays` (`code`, `title`, `map`, `author`, `authorId`, `timeUploaded`, `created`) VALUES
('JScQLEir43deuXIVvGL3eq3FgIxVTsb3', 'cat', '0000000000000000000000000000000000000000000000000000000000000000#0000000000000000000000000000000000000000000000000000000000000000#0000000000000000000000000000000000000000000000000000000000000000#0000000000000000000000000000000000000000000000000000000000000000#0000000000000000000000000000000000000000000000000000000000000000#0000000000000000000000000000000000000000000000000000000000000000#0000000000000000000000000000000000000000001111111000000000000000#0000000000000000000000000000000000000001111111111100000000000000#0000000000000000000000000000000000000011111111111110000000000000#0000000000000000000000000000000000001111110000001111000001000000#0000000000000000000000000000000000011111000000000111100011000000#0000000000000000000000000000000000011110000000000011110010000000#0000000000000000000000000000000000011100000000000011110010000000#0000000000000000000000000000000000011100000000000001111010000000#0000000000000000000000000000000000011100000000000001111010000000#0000000000000000000000000000000000011100000000000000111010000000#0000000000000000000000000000000000011110000000000000111010000000#0000000000000000000000000000000000011111000000000000111010010000#0000000000000000000000000000000000001110000000000000111011010000#0000000000000000000000000000000000000000000000000001111011010000#0000100000000000000000000000000000000000000000000011111011111000#0000111100000000000000000000000000000000000000111111111011010000#0000111111000000000000000000000000000000000011111111111011011000#0000011111110010000000000000000000000000000111111111111111111000#0000001111110010000000000000000000000000000111111111111110010100#0000001111111110100000000000000111100001111111111111111111000100#0000000111111111000000000000000111111111111111111111111111100100#0000000111111111100000000000011111111110111111111111110011101100#0000000011111011100000000001111111111111000111111111100011110100#0000000011110011111000000111111111111111100000000000000011010100#0000000011110011111000011111111111111111110000000000000011100000#0000000011111011111111110111111111111101111100000000000010101000#0000000111111111101111111011111111111100111111111111111111010100#0000011111111111101111111000111111111110001111111111111111010000#0000011111111110011111111000111111111111111111111111111111110100#0000111111100111101111111011111111111001111110000000000011010000#0001111111101111110001110111111111111111110000000000000011100100#0011111111111110010000111111111111111111000000011111110011010100#0000000000110010000000011111111111111110111111111111110011010100#0000000000000010000000000000000111100111111111111111111111010000#0000000000000000000000000000000000000000000111111111111111010100#0000000000000000000000000000000000000000000011111111110011110100#0000000000000000000000000000000000000000000001111110000011010100#0000000000000000000000000000000000000000000000000000000011000100#0000000000000000000000000000000000000000000000000000000011100100#0000000000000000000000000000000000000000000000000000000011000000#0000000000000000000000000000000000000000000000000000000010100000#0000000000000000000000000000000000000000000000000000000010100000#0000000000000000000000000000000000000000000000000000000010100000#0000000000000000000000000000000000000000000000000000000110100000#0000000000000000000000000000000000000000000000000000000100000000#0000000000000000000000000000000000000000000000000000000000000000#0000000000000000000000000000000000000000000000000000000000000000#0000000000000000000000000000000000000000000000000000000000000000#0000000000000000000000000000000000000000000000000000000000000000#0000000000000000000000000000000000000000000000000000000000000000#0000000000000000000000000000000000000000000000000000000000000000#0000000000000000000000000000000000000000000000000000000000000000#0000000000000000000000000000000000000000000000000000000000000000#0000000000000000000000000000000000000000000000000000000000000000#0000000000000000000000000000000000000000000000000000000000000000#0000000000000000000000000000000000000000000000000000000000000000#0000000000000000000000000000000000000000000000000000000000000000#0000000000000000000000000000000000000000000000000000000000000000#', 'Gamer', 'aa4RnN2EX6XrxiCD1JAV4rIU8LQ0QqJg7ZukCU8s8xvMbe8F7Rb9jhme9bhX9afE', 'March 30', '2023-03-31 00:44:27'),
('loUOavXwySbQ0dUtQ1qjUTgZqqqOwpz7', 'catBlob', '0000000000000000000000000000000000000000000000000000000000000000#0000000000000000000000000000000000000000000000000000000000000000#0000000000000000000000000000000000000000000000000000000000000000#0000000000000000000000000000000000000000000000000000000000000000#0000000000000000000000000000000000000000000000000000000000000000#0000000000000000000000000000000000000000000000000000000000000000#0000000000000000000000000000000000000000000000000000000000000000#0000000000000000000000000000000000000000000000000000000000000000#0000000000000000000000000000000000000000000000000000000000000000#0000000000000000000000000000000000000000000000000000000000000000#0000000000000000000000000000111111111111111111000000000000000000#0000000000000000000000011111000000000000000001111100000000000000#0000000000000000000011110000000000000000000000000010000000000000#0000000000000000011110000000000000000000000000000000110000000000#0000000000000011110000000000000000000000000000000000011000000000#0000000000001110000000000000000000000000000000000000001000000000#0001111111110000000000000000000000000000000000000000000100000000#0011100001100001110000000000000000000000000000000000000110000000#0110000011000011111000000000000000000000000000000000000010000000#0110000010000011111000000000000000000000000000000000000011000000#0011000110000011110000000000000000000000000000000000000011000000#0001100100000001100000000000000000000000000000000000000011000000#0000110100000000000011000000000000000000000000000000000001000000#0000001000000000000001000000000000000000000000000000000001100000#0000001000000000000011000000000000000000000000000000000001100000#0000001000000000000110000000000000000000000000000000000001100000#0000001000000000111100000000000000000000000000000000000001100000#0000011000000000000110000000000000000000000000000000000001100000#0000010000000000000011000000000000000000000000000000000001100000#0000010000000000000001000000000000000000000000000000000001100000#0000010000000000000001000000000000000000000000000000000001100000#0000010000000000000011000000000000000000000000000000000001100000#0000010000000000000000000000000000000000000000000000000001100000#0000010000000011110000000000000000000000000000000000000001100000#0000010000000111110000000000000000000000000000000000000001100000#0000010000000111110000000000000000000000000000000000000001100000#0000010000000111110000000000000000000000000000000000000001100000#0000010000000011100000000000000000000000000000000000000001100000#0000100000000000000000000000000000000000000000000000000001100000#0001000000000000000000000000000000000000000000000000000001100000#0010000000000000000000000000000000000000000000000000000001100000#0100000000000000000000000000000000000000000000000000000001000000#1000000000000000000000000000000000000000000000000000000011000000#1000000000000000000000000000000000000000000000000000000011000000#1000000000000000000000000000000000000000000000000000000011000000#0111110000000000000000000000000000000000000000000000000110000000#0000011111000000000000000000000000000000000000000000000110000000#0000000000111000000000000000000000000000000000000000001100000000#0000000000000110000000000000000000000000000000000000011000000000#0000000000000001111100000000000000000000000000000000010000000000#0000000000000000001111000000000000000000000000000000010000000000#0000000000000000000001111110000000000000000000000000100000000000#0000000000000000000000001111100000000000000000011111100000000000#0000000000000000000000000000011111111111111111100000000000000000#0000000000000000000000000000000000000000000000000000000000000000#0000000000000000000000000000000000000000000000000000000000000000#0000000000000000000000000000000000000000000000000000000000000000#0000000000000000000000000000000000000000000000000000000000000000#0000000000000000000000000000000000000000000000000000000000000000#0000000000000000000000000000000000000000000000000000000000000000#0000000000000000000000000000000000000000000000000000000000000000#0000000000000000000000000000000000000000000000000000000000000000#0000000000000000000000000000000000000000000000000000000000000000#0000000000000000000000000000000000000000000000000000000000000000#', 'Gamer', 'aa4RnN2EX6XrxiCD1JAV4rIU8LQ0QqJg7ZukCU8s8xvMbe8F7Rb9jhme9bhX9afE', 'February 27', '2023-02-28 02:15:02'),
('qbqqW09EYmOxThlglloL2PNmqlQKNRKY', 'forg Pant', '0000000000000000000000000000000000000000000000000000000000000000#0000000000000000000000000000000000000000000000000000000000000000#0000000000000000000000000000000010000000000000000000000000000000#0000000000000000000000000000001110000000000000000000000000000000#0000000000000000000000000000011100000000000000000000000000000000#0000000000000000000000000000111000000000000000000000000000000000#0000000000000000000000000001111000000000000000000000000000000000#0000000000000000000000000001111111000000000000000000000000000000#0000000000000000000000000011111000000000000000000000000000000000#0000000000000000000000000011110000000000000000000000000000000000#0000000000000000000000000011100000000000000000000000000000000000#0000000000000000000000000011100000000000000000000000000000000000#0000000000000000000000000111100000000000000000000000000000000000#0000000000000000000000000111000000000000000000000000000000000000#0000000000000000000000000111000000000000000000000000000000000000#0000000000000000011111110111000011110000000000000000000011000000#0000000000000001100000001111111100001111100000000000000011000000#0000000000000010100000000000000111000000011000000000000111000000#0000000000000100010000000000000011000000001100000000000111000000#0000000000000100010000000000000010000000000010000000000111000000#0000000000000100001000000000000010000000000001011000000111000000#0000000000000100001000000000000010000000000001111111111111000000#0000000000000100001100000000000111110000000000011111111111000000#0000000000001100000100000000000111110000000000011111111111000000#0000000000111100000100000000000111110000000000001111111110000000#0000000000111100000010000000000111110000000000001100000000000000#0000000000111100000010000000000001000000000000001000000000000000#0000000000111100000011000000000001000000000000001000000000000000#0000000000011100000011000000000001100000000000001000000000000000#0000000000000100000001000000000000100000000000001000000000000000#0000000000000100000001000000000000100000000000001000000000000000#0000000000000100000001000000000000100000000000001000000000000000#0000000000000110000001000000000000110000000000001000000000000000#0000000000000010000001000000000000110000000000001000000000110000#0000000000000010000001000000000000100000000000001000000001010000#0000000000000010000011000000000000100000000000001000000001010110#0000000000000010000011000000000000100000000000000111000010100010#0000000000000100000010000000000000100000000000000000111110110100#0000000000001001100000000000000000100000000000000000000000001000#0000000000001011110000000000000000110111000000000000000000010000#0000000000001111111000000000000000110001100000000000011111100000#0000000000001111111000000000000000100000100000111111100000000000#0000000000001011110000000000000000100000000000100000000000000000#0000000000000111100000000000000011111100000001000000000000000000#0000000000000011111111111111001111000011111110000000000000000000#0000000000000000000000000001010000000000000000000000000000000000#0000000000000000000000000001010000000000000000000000000000000000#0000000000000000000000000001010000000000000000000000000000000000#0000000000000000000000000001010000000000000000000000000000000000#0000000000000000000000000001001000000000000000000000000000000000#0000000000000000000000000000101000000000000000000000000000000000#0000000000000000000000000000100110000000000000000000000000000000#0000000000000000000000000000010011111100000000000000000000000000#0000000000000000000000000000000000111110000000000000000000000000#0000000000000000000000000000001101100000000000000000000000000000#0000000000000000000000000000000110100000000000000000000000000000#0000000000000000000000000000000011100000000000000000000000000000#0000000000000000000000000000000000111000000000000000000000000000#0000000000000000000000000000000000011100000000000000000000000000#0000000000000000000000000000000000000000000000000000000000000000#0000000000000000000000000000000000000000000000000000000000000000#0000000000000000000000000000000000000000000000000000000000000000#0000000000000000000000000000000000000000000000000000000000000000#0000000000000000000000000000000000000000000000000000000000000000#', 'Gamer', 'aa4RnN2EX6XrxiCD1JAV4rIU8LQ0QqJg7ZukCU8s8xvMbe8F7Rb9jhme9bhX9afE', 'February 24', '2023-02-26 02:36:08'),
('rkeQ48nx39La7MPG31ECzJ8THT8JSs8q', 'pengry', '0000000000000000000000000000000000000000000000000000000000000000#0000000000000000000000000000000000000000000000000000000000000000#0000000000000000000000000000000000000000000000000000000000000000#0000000000000000000000000000000000000000000000000000000000000000#0000000000000000000000000000000000000000000000000000000000000000#0000000000000000000000000000000000000000000000000000000000000000#0000000000000000000000000000000000000000000000000000000000000000#0000000000000000000000000000000000000000000000000000000000000000#0000000000000000000000000000000000000000000000000000000000000001#0000000000000000000000000000000000000000000000000000000000000011#0000000000000011111110000000000000000000000000000000000000000011#0000000000000110000011000000000000000000001111111111110000000011#0000000000000100000001000000000000000001110000000000001100000011#0000000000001001000000100000000000001110000000000000000110000111#0000000000001001101000100000000000011000000000000000000011100111#0000000000001000000000100000000011100000000000000000011111111111#0000000000001000000001111111111110000000000011111111111111111111#0000000000011100000011110111111111000011111111111111111111111111#0000000000011111111111100011111111111111111111100011111111111111#0000000000111111111110000001111111111111111000000000000011111111#0000000000111111111100111100011111111111000000000000000000011111#0000000001111111111001111110001111111100000000000000000000001111#0000000001111111110011111111000111111000000000000000000000000111#0000000011111111110011111111100011111000000000000000000000000111#0000000011111111110011101111111001111000000000000000000000000111#0000000011111111100111111111111000110000000000000000000000000111#0000000011111111101111111111111100010000000000000000000000000111#0000000011111111101111111111111110010000000000000000000000000011#0000000011111111101111111111111111010000000000000000000000000011#0000000011111111101111111111111111010000000000000000000000000011#0000000011111111101111111111111111010000000000000000000000000011#0000000011111111101111111111111110010000000000000000000000000011#0000000011111111100111111111111100010000000000000000000000000011#0000000011111111110111101111111000111000000000000000000000000111#0000000011111111110111111111110001111000000000000000000000000111#0000000011111111110111111111110011111100000000000000000000000111#0000000011111111110011111111100111111110000000000000000000000111#0000000001111111111011111111001111111110000000000000000000001111#0000000000111111111100111110011111111111000000000000000000011111#0000000000111111111110001100111111111111110000000000000000011111#0000000000011111111111101001111111111111111000000000000011111111#0000000000011111000001111011111111111111111111111111111111111111#0000000000001110000000111111111111111111111111111111111111111111#0000000000000100000000010001111110000000011111111111111111111111#0000000000000100000000010000000011000000000011111111111111101111#0000000000000100000000010000000000111000000000000000001111000111#0000000000000101000000010000000000000110000000000000000100000011#0000000000000101101000100000000000000001100000000000110000000011#0000000000000010000001000000000000000000011100000011000000000011#0000000000000001111110000000000000000000000011111100000000000001#0000000000000000000000000000000000000000000000000000000000000001#0000000000000000000000000000000000000000000000000000000000000000#0000000000000000000000000000000000000000000000000000000000000000#0000000000000000000000000000000000000000000000000000000000000000#0000000000000000000000000000000000000000000000000000000000000000#0000000000000000000000000000000000000000000000000000000000000000#0000000000000000000000000000000000000000000000000000000000000000#0000000000000000000000000000000000000000000000000000000000000000#0000000000000000000000000000000000000000000000000000000000000000#0000000000000000000000000000000000000000000000000000000000000000#0000000000000000000000000000000000000000000000000000000000000000#0000000000000000000000000000000000000000000000000000000000000000#0000000000000000000000000000000000000000000000000000000000000000#0000000000000000000000000000000000000000000000000000000000000000#', 'Gamer', 'aa4RnN2EX6XrxiCD1JAV4rIU8LQ0QqJg7ZukCU8s8xvMbe8F7Rb9jhme9bhX9afE', 'March 1', '2023-03-01 23:44:39'),
('rpiahuNcuYTaq2FggNjjDUCEuVE9yRWX', '', '', '', '', 'January 29', '2024-01-30 02:10:05'),
('rtGYwQawzceP4jMOMsq4WwU3rwE6j7vl', 'littledudeD', '0000000000000000000000000000000000000000000000000000000000000000#0000000000000000000000000000000000000001110000000000000000000000#0000000000000000000000000000000000000111000000000000000000110000#0000000000000000000000000000000000001100000000000000011111100000#0000000000000000000000000000000000011000000000000001100000000000#0000000000000000000000111111110000110000000000000001000000000000#0000000000000000000011000000001110100000000000000010000000000000#0000000000000000001100000000000110000000000000000010000000000000#0000000000000000011000000000000011000000000000000000000000000000#0000000000000000010000000000000011100000000000000000011111000000#0000000000000000100000000000000011100000000000000011010001110000#0000000000000001000000000000000001110000000000001100000000011000#0000000000000010000000111111100001110000000000001000000000000100#0000000000000110000000111111100001111000000000001000000000000110#0000000000000100000000111111100000111000000000001100000000000010#0000000000001000000000111111100000111000000000000111110000000011#0000000000001000000000111111100000111100000000000000010000000001#0000000000010000000000111111100000011100000000000000010000000001#0000000000010000000000000100000000001100000000000000010000000001#0000000000010000000000000100000000011110000000000000100000110001#0000000000100000000000000100000000001110000000000000100000110001#0000000000100000000000000100000000011110000000000000100000110001#0000000000100000000000000100000000001110000000000000100000101001#0000000000100000000000000100000000001111000000000000100001001011#0000000000100000000000000100000000001111000000000000111111001110#0000000001000000000000000100000000001111000000000000000000000000#0000000000000000000000000100000000001111000000000000000000000000#0000000001000000000000000100000000001111000000000000000000000000#0000000001000000000000000100000000001111000000000000000000000000#0000000001000000000000000100000000001111000000000000000000000000#0000000001000000000000000100000000001111000000000000000000000000#0000000001000000000000000100000000001111000000000000000000000000#0000000001000000000000000100000000001111000000000000000000000000#0000000001000000000000000100000000001111000000000000000000000000#0000000001000000000000000100000000001111000000000000000000000000#0000000001000000000000000100000000001111000000000000000000000000#0000000000000000000000000100000000001111000000000000000000000000#0000000001000000000000000100000000001111000000000000000000000000#0000000001100000000000000100000000011111000000000000000000000000#0000000000100000000000000100000000001111000000000000000000000000#0000000000000000000000000100000000001111000000000111100000110000#0000000000100000000000000100000000011111000000000100010000101000#0000000000100000000000000100000000011110000000000100011000101100#0000000000100000000000000100000000011110000000000100001001000100#0000000000010000000000000100000000011100000000000100001011000100#0000000000010000000000111111100000011100000000000100001010000100#0000000000010000000000111111100000011100000000000100001110000100#0000000000001000000000111111100000111100000000111100001100000100#0000000000001000000000111111100000111000000001000000000000000100#0000000000000100000000111111100000111000000001000000000000000100#0000000000000000000000111111100001110000000001000000000000000100#0000000000000100000000000000000001110000000001000000000000001100#0000000000000010000000000000000001110000000001100000000000001000#0000000000000010000000000000000011100000000000111100000000001000#0000000000000011000000000000000011100000000000000011111111110000#0000000000000001111000000000000111100000000000000000000000000000#0000000000000000001100000000000111100000000000001000000000000000#0000000000000000000010000000001110000000000000001000000000000000#0000000000000000000001100000001100000000000000001000000000000000#0000000000000000000000111111111001000000000000000100000000000000#0000000000000000000000000000000000100000000000000110000000000000#0000000000000000000000000000000000011100000000000001100000000000#0000000000000000000000000000000000000111110000000000111100000000#0000000000000000000000000000000000000000010000000000000000000000#', 'DofinBird', 'A1l1qJE3jymci2amSi4d0IgGzUU5WKptWmTyuzXuXF7FnfukbeeCsF4Se9bj3c78', 'August 26', '2024-08-26 19:35:23'),
('s3OfOQZXybUou5uXP4mGnyptbqoJpAKQ', 'Daniel', '0000000000000000000000000000000000000000000000000000000000000000#0000000000000000000000000000000000000000000000000000000000000000#0000000000000000000000000000000000000000000000000000000000000000#0000000000000000000000000000000000000000000000000000000000000000#0000000000000000000000000000000000000000000000000000000000000000#0000000000000000000000000000000000000000000000000000000000000000#0000000000000000000000000000000000000000000000000000000000000000#0000000000000000000000000000000000000000000000000000000000000000#0000000000000000000000000000000000000000000000000000000000000000#0000000000000000000000000000000011111110000000000000000000000000#0000000000000000000000000001111110000010011111000000000000000000#0000000000000000000000001111000000000011110001000000000000000000#0000000000000000000000111000000000000010000000110000000000000000#0000000000000000000011000000000000000011111111110000000000000000#0000000000000000000110000000000000000010000110000000000000000000#0000000000000000001100000000000000000010000000000000000000000000#0000000000000000011000000000000000000011111110000000000000000000#0000000000000111100000000000000000000010000011111000000000000000#0000000000001100110000000000000000111100000000001110000000000000#0000000000010000010000000000001011100000000000000011000000000000#0000000000010000100000000001111110000000000000000001100000000000#0000000000100000100000000000000000000000000000000000100000000000#0000000011100000000000000000000000000000000000000000010000000000#0000000111111110000000000000000000000000000000000000010000000000#0000001111110011111000000000000000000000000000000111000000000000#0000001111110000101111110000000001111111111111101100000000011000#0000001011100010100000001111111111111111111111100000000000011000#0000001111000010100000000000000001111111111111100000000000011000#0000001000000100010000000000000001111111111111111111111111111000#0000010000000100010000000000000000111111111111110000000000011000#0000010000001000010000000000000000111111111111111011111111111000#0000010000001000011001111100000000111111111111111100000000000000#0000010000001000011111111111100000101111111111100000000000000000#0000010000001000011001111111111000101111111111100000000000000000#0000010000001000010000000000000000101111000000000000000000000000#0000010000001000110000000000000000101100111111110000000000000000#0000011000001000100000000000000000111101111111111100000000000000#0000011100000100100000000000000001111111111111110011111111111000#0000010110000010100000000000000001111111111111110000000000011000#0000001111000001000000000000000001111111111111111111111111111000#0000000111111110111110000000000001111111111111100000000000011000#0000000000010000000011110000000011111111111111100000000000011000#0000000000010000000000001111111111111111111111100000000000011000#0000000000001000100000000000000000000011111111111111000000000000#0000000000001100100000000000000000000000000011111111000000000000#0000000000000111100000000000000000000000111110000000000000000000#0000000000000001111000000000000000000000100000000000000000000000#0000000000000000001110000000000000000000111111100000000000000000#0000000000000000000001111000000000000001100000011000000000000000#0000000000000000000000001111110000000001111100001100000000000000#0000000000000000000000000000011111111111000111110000000000000000#0000000000000000000000000000000000000000000000000000000000000000#0000000000000000000000000000000000000000000000000000000000000000#0000000000000000000000000000000000000000000000000000000000000000#0000000000000000000000000000000000000000000000000000000000000000#0000000000000000000000000000000000000000000000000000000000000000#0000000000000000000000000000000000000000000000000000000000000000#0000000000000000000000000000000000000000000000000000000000000000#0000000000000000000000000000000000000000000000000000000000000000#0000000000000000000000000000000000000000000000000000000000000000#0000000000000000000000000000000000000000000000000000000000000000#0000000000000000000000000000000000000000000000000000000000000000#0000000000000000000000000000000000000000000000000000000000000000#0000000000000000000000000000000000000000000000000000000000000000#', 'Gamer', 'aa4RnN2EX6XrxiCD1JAV4rIU8LQ0QqJg7ZukCU8s8xvMbe8F7Rb9jhme9bhX9afE', 'February 27', '2023-02-27 21:13:57'),
('ToUVxce7hxex1pnTvJmO8PKyXXQlLzvp', 'catDog', '0000000000000000000000000000000000000000000000000000011111111111#0000000000000000000000000000000000000000000000000001111111111111#0000000000000000000000000000000000000000000000001111111111111111#0000000000000000000000000000000000000000000001111111111111111111#0000000000000000000000000000000000000000001111111111111111111111#0000000000000000000000000000000000000001111111111111111111111110#0000000000000000000000000000000000000111111111111111111111111000#0000000000000000000000000000000000111111111111111111111111110000#0000000000000000000000000000000011111111111111111111111111100000#0000000000000000111110000000001111111111111111111111111111100000#0000000000000001111111110000111111111111111111111111111111100000#0000000000000001111111111100111111111111111111111111111111000000#0000000000000001110000111111111111111111111111111111111111000000#0000000000000001110000001111111111111111111111111111111111000000#0000000000000001110000000111111111000000111111111111111111000111#0000000000000001111000000011111110000000011111111111111111100000#0000000000000001111000000011111100001000001111111111111111100000#0000000000000000111110000111111000111110000111111111111111100011#0000000000000000111111111110111000111111000111111111111111110000#0000000000000000011111111100011001111111000111111111111111111001#0000000000000000001111111100011000011111000111111111111111111000#0000000000000000000111111000011000011110000111111111111111111101#0000000000000000000011111000011100011110000111111111111111111111#0000000000000000000011111000111100000000001111111111111111111111#0000000000000000000111111111111110000000011111111111001111111111#0000000000000000000111111111111111000000111111111111100111111111#0000000000000000000111111111111111111111111111111111100111111111#0000000000000000000111111111111111111111111111111111100111111111#0000000000000000000111111111111111111111111111111111100111111111#0000000000000000001111111111111111111111111001111111001111111111#0000000000000000001111111111111111111111111000111110011111111111#0000000000000000001111111111111111111111111000000000111111111111#0000000000000000001111111111111111111111111000111110111111111111#0000000000000000001111111111111111111111111001111111011111111111#0000000000000000001111111111111111111111111111111111001111111111#0000000000000000001111111111111111111111111111111111100111111111#0000000000000000001111111111111111110001111111111111110111111111#0000000000000000001111111111111111000000011111111111110111111111#0000000000000000000111111111111110000000001111111111100111111111#0000000000000000000111111000111100001100001111111111000111111111#0000000000000000000111111000111000011110001111111111111111111111#0000000000000000000011111100011000111111000111111111111111111111#0000000000000000001111111100011000111111000111111111111111111100#0000000000000000001111111110011000001111000111111111111111111000#0000000000000000011101111111111100001110001111111111111111110001#0000000000000000111100001111111100001100001111111111111111110000#0000000000000001111000000111111110000000011111111111111111100000#0000000000000001110000000111111111100000111111111111111111100011#0000000000000001110000001111111111111111111111111111111111100000#0000000000000011110000000111111111111111111111111111111111100111#0000000000000011110000111111111111111111111111111111111111100000#0000000000000001111111111111111111111111111111111111111111110000#0000000000000001111111111000011111111111111111111111111111110000#0000000000000000111111000000000111111111111111111111111111111000#0000000000000000000000000000000001111111111111111111111111111000#0000000000000000000000000000000000011111111111111111111111111100#0000000000000000000000000000000000000111111111111111111111111111#0000000000000000000000000000000000000000111111111111111111111111#0000000000000000000000000000000000000000001111111111111111111111#0000000000000000000000000000000000000000000011111111111111111111#0000000000000000000000000000000000000000000000011111111111111111#0000000000000000000000000000000000000000000000000011111111111111#0000000000000000000000000000000000000000000000000000011111111111#0000000000000000000000000000000000000000000000000000000011111111#', 'Gamer', 'aa4RnN2EX6XrxiCD1JAV4rIU8LQ0QqJg7ZukCU8s8xvMbe8F7Rb9jhme9bhX9afE', 'February 24', '2023-02-26 02:36:08'),
('uSiSMP3rOU6EYW9zyxAx8SblRYhnJn3j', 'cuppy', '0000000000000000000000000000000000000000000000000000000000000000#0000000000000000000000000000000000000000000000000000000000000000#0000000000000000000000000000000000000000000000000000000000000000#0000000000000000000000000000000000000000000000000000000000000000#0000000000000000000000000000000000000000000000000000000000000000#0000000000000000000000000000000000000000000000000000000000000000#0000000000000000000000000000000000000000000000000000000000000000#0000000000000000000000011111010000000000000000000000000000000000#0000000000000000000000111111111000000000000000000000000000000000#0000000000000000000000110000001100000000000000000000000000000000#0000000000000000000001100000000110000000000000000000000000000000#0000000000000000000011000000000011000000000000000000000000000000#0000000000000000000111000000000001000000000000000000000000000000#0000000000000000000111000000000001000000000000000000000000000000#0000000000000000000111000000000001000000000000000000000000000000#0000000000000000001111000000000000100000000000000000000000000000#0000000000000000001110111100000000100000000000000000000000000000#0000000000000000001011111111111000100000000000000000000000000000#0000000000000000001011111111111100100000000100000000000000000000#0000000000000000001011111111111110100000000100000000000000000000#0000000000000000001011111111111111100000000100000000000000000000#0000000000000000001011111111111111100000000100000000000000000000#0000000000000000001011111000111111110000001000000000000000000000#0000000000000000001011111000111111110000001000000000000000000000#0000000000000000001011111111111111111000001000000000000000000000#0000000000000000001011111111111111111000001000000000000000000000#0000000000000000001011111111111111111100001011111000000000000000#0000000000000000001011111111110011111100001111111110000010000000#0000000000000000001011111111111011111100011111111111100010000000#0000000000000000001011111111111011111100011111111110011010000000#0000000000000000001011111111111011111111111111111110000110000000#0000000000000000001011111111111011111111111111111110000000000000#0000000000000000001011111111110011111111111111111110000000000000#0000000000000000001011111111111111111100011111111110001110000000#0000000000000000001011111111111111111100011111111110110010000000#0000000000000000001011111111111111111100011111111111000010000000#0000000000000000001011111111111111111100010111111110000000000000#0000000000000000001010111000111111111000010011111000000000000000#0000000000000000001010111000111111111000010000000000000000000000#0000000000000000001011111111111111110000100000000000000000000000#0000000000000000001011111111111111110000100000000000000000000000#0000000000000000001010011111111111100000100000000000000000000000#0000000000000000001011111111111111100000100000000000000000000000#0000000000000000001010000111111111000000000000000000000000000000#0000000000000000001011111111111111000000000000000000000000000000#0000000000000000001010000000011110000000000000000000000000000000#0000000000000000001011111111111000000000000000000000000000000000#0000000000000000001111111111100000000000000000000000000000000000#0000000000000000000000000000000000000000000000000000000000000000#0000000000000000000000000000000000000000000000000000000000000000#0000000000000000000000000000000000000000000000000000000000000000#0000000000000000000000000000000000000000000000000000000000000000#0000000000000000000000000000000000000000000000000000000000000000#0000000000000000000000000000000000000000000000000000000000000000#0000000000000000000000000000000000000000000000000000000000000000#0000000000000000000000000000000000000000000000000000000000000000#0000000000000000000000000000000000000000000000000000000000000000#0000000000000000000000000000000000000000000000000000000000000000#0000000000000000000000000000000000000000000000000000000000000000#0000000000000000000000000000000000000000000000000000000000000000#0000000000000000000000000000000000000000000000000000000000000000#0000000000000000000000000000000000000000000000000000000000000000#0000000000000000000000000000000000000000000000000000000000000000#0000000000000000000000000000000000000000000000000000000000000000#', 'dofinbird', 'A1l1qJE3jymci2amSi4d0IgGzUU5WKptWmTyuzXuXF7FnfukbeeCsF4Se9bj3c78', 'February 26', '2023-02-26 06:14:26'),
('XjL3Ev5weliiupNv2TR8jklgICLdz7OV', 'Birdy', '0000000000000000000000000000000000000000000000000000010010000000#0000000000000000000000000000000000000000000000000000110010000000#0000000000000000000000000000000000000000000000000000100110000000#0000000000000000000000000000000000000000000000000001100100000000#0000000000000000000000000000000000000000000000000001001100000000#0000000000000000000000000000000000000000000000000001001000000000#0000000000000000000000000000000000000000000000000010001000000000#0000000000000000000000110000000000000000000000000110010000000000#0000000000000000000011100000000000000000000011111110010000000000#0000000000000000000111100000000000000011111110000000110000000000#0000000000000000000111000000000000000001100000000000100000000000#0000000000000000001111100000000000000000111111110101100000000000#0000000000000000001111100000000000000000000000001001000000000000#0000000000000000000111110000000000000000000000001001000000000000#0000000000000000110111100000000000000000000000010010000000000000#0000000000000000111001100000000000000000000000010010000000000000#0000000000000001111111111000000000000000000000100111100000000000#0000000000000001110111110000000000000000000000100110110000000000#0000000000000001100011111000000000000000000000101110011000000000#0000000000000011100011111000000000000000000001101010001000000000#0000000000000011110111111100000000000000000001011010000100000000#0000000000000011101111111100000000000000000001010010000100000000#0000000000000011111111111110000000000000000011010010000100000000#0000000000000011111111111111000000000000000010010010000100000000#0000000000000011111111111111000000000000000100100001000100000000#0000000000000011111111111111000000000000001100100001100100000000#0000000000000001111111111111111100000000001001100000110100000000#0000000000000000111111111111111111100000001001000000011100000000#0000000000000000111111111111111111111000001101100000000000000000#0000000000000000111111111111111111111110111001000000000000000000#0000000000000000111111111111111111111111111001000000000000000000#0000000000000001111111111111111111111111111001000000000000000000#0000000000000001111111111111111111111111011010000000000000000000#0000000000000011111111111111111111111111110010000000000000000000#0000000000000011111111111111111111111111100010000000000000000000#0000000000000011111111111111111111111111100110000000000000000000#0000000000000011111111111111111111111111000100000000000000000000#0000000000000001111111111111111111111111001000001111110000000000#0000000000000001111111111111111111111110001111111111110000000000#0000000000000000111111111111111111111110011111111111100000000000#0000000000000000111111111111111111111110010111111111111100000000#0000000000000000111111111011111111111100111011111111111111000000#0000000000000000111111111101111111111101111011111111111110000000#0000000000000000101111111111111111111001110101111111111110000000#0000000000000000101011111111111111111001111001111111111111000000#0000000000000000000011111111101111110011111111111111111111100000#0000000000000000000011111111110111110011011111111111111111100000#0000000000000000000001111111111011110111001111111111111111100000#0000000000000000000000111111111110100111111111111111111111100000#0000000000000000000000011111111111000111111111111111111111100000#0000000000000000000000001111111111001111111111111111111111000000#0000000000000000000000000011111110000101111111111111111111100000#0000000000000000000000000001111110000111111111111111111111000000#0000000000000000000000000000011100011011111111111111111110000000#0000000000000000000000000000001100011101111111111111100000000000#0000000000000000000000000000001000011101111111111111100000000000#0000000000000000000000000000001000010000011111111111100000000000#0000000000000000000000000000010000010000001111111000000000000000#0000000000000000000000000000110000010000000000011000000000000000#0000000000000000000000000000100010010000000000000000000000000000#0000000000000000000000000001100010010000000000000000000000000000#0000000000000000000000000001000111010000000000000000000000000000#0000000000000000000000000011001100010000000000000000000000000000#0000000000000000000000000010001100110000000000000000000000000000#', 'Gamer', 'aa4RnN2EX6XrxiCD1JAV4rIU8LQ0QqJg7ZukCU8s8xvMbe8F7Rb9jhme9bhX9afE', 'February 27', '2023-02-27 23:55:04'),
('zb2xyyuk729jRieXDvkDfulS0YU91oa7', 'ratz', '0000000000000000000000000000000000000000000000000000000000000000#0000000000000000000000000000000000000000000000000000000000000000#0000000000000000000000011100000000000000000000000000000000000000#0000000000000000000000010100000000000000000000000000000000000000#0000000000000000000001110100000000000000000000000000000000000000#0000000000111111111111111100000000000000000000000000000000000000#0000000000110000011111111100000000000000000000000000000000000000#0000000000100000111111111100000000000000000000000000000000000000#0000000000100001111111111100000000000000000000000000000000000000#0000000000010001111111111111000000000000000000000000000000000000#0000000000011111111100111101000000000000000000000000000000000000#0000000000001111111100111111000000000000000000000000000000000000#0000000000001000011111111100000000000000000000000000000000000000#0000000000110000001111111111000000000000000000000000011111111000#0000000000100000001111111101000000000000000000000001000000000100#0000000000100000011111111111000000000000000000000110000000000010#0000000000100000111111111111000000000000000000000100000000000010#0000000000110000111111111110000000000000000000001000000000000010#0000000000111111111111111110000000000011100000001000000000000011#0000000000011111111111111111000000001111111000001000000000000011#0000000000111111111111111111000000011100000000001000000000000011#0000000000111111111111111111000000101000000000001000000000000011#0000000000111111111111111111000000110000000000001000000000000111#0000000000111111111111111111000000010000000000111000000000000111#0000000000111111111111111111000001010000000001001000000000000111#0000000000111111111111111111000001010000000001001100000000000111#0000000000111111111111111111000001010000000001000100000000000111#0000000000111111111111111111000001010000000001000100000000000111#0000000000111111111111111111000001010000000001000100000000001111#0000000000111111111111111111000001010000000001100110010000001111#0000000000111111111111111111100001010000000000100010010000111111#0000000000111111111111111110100001010000000000110010010111111111#0000000000111111111111111110100001001000000000011110011111111111#0000000000111111111111111110100001001000000000011111001111111111#0000000000011111111111111110100000001000000000011111000111111111#0000000000011111111111111110100000000100000000011111111111111111#0000000000001111111111111101100000000100000000111111111111111111#0000000000000111111111111111000000100100000000111111111111111111#0000000000000111111111111110000000100100000000111000011111111111#0000000000000000011111111111000000100100000000111001000111111111#0000000000000000000001111001000000100100000001110011110111111111#0000000000100000000000111111000001000100000001110111110111111111#0000000000110000000000010100100001000100000001110111110111111111#0000000000010000000000011000011110001000000001110011110111111111#0000000000010000000000001100000000001000000001111001100111111111#0000000000001000000000000100000000010000000001111100001111111110#0000000000001000000000000010000000100000000011111111111111111100#0000000000001000000000000001111110000000000011111111111111111000#0000001111111111110000000000000000000000000011111111111111111000#0001110111111100010000000000000000000000000100011111111111111000#0111110111111100010000000000000000000000001000011111111111111100#1111110001111110010000000000000000000000001000011111111111111111#1111111111111111110000000000000000000000001111100011111111111111#1111111111111111110000000000000000000000000000000000000011111111#1111111111111111110000000000000000000000000000000000000000010000#1111111111111111110000000000000000000000000000000000000000011000#1111111111111111101100000000000000000000000000000000000000001111#1111111111101111100111000000000000000000000000000000000000000000#1111111111101111000001100000000000000000000000000000000000000000#1111111111100011000000000000000000000000000000000000000000000000#1111111111111111000000000000000000000000000000000000000000000000#1111111111111110000000000000000000000000000000000000000000000000#1111111111111110000000000000000000000000000000000000000000000000#1111111111111100000000000000000000000000000000000000000000000000#', 'Gamer', 'aa4RnN2EX6XrxiCD1JAV4rIU8LQ0QqJg7ZukCU8s8xvMbe8F7Rb9jhme9bhX9afE', 'February 24', '2023-02-26 02:36:08');

-- --------------------------------------------------------

--
-- Table structure for table `likes`
--

CREATE TABLE `likes` (
  `userId` varchar(64) CHARACTER SET utf8mb3 COLLATE utf8mb3_unicode_ci NOT NULL,
  `displayId` varchar(64) CHARACTER SET utf8mb3 COLLATE utf8mb3_unicode_ci NOT NULL
) ENGINE=InnoDB DEFAULT CHARSET=utf8mb3 COLLATE=utf8mb3_unicode_ci;

--
-- Dumping data for table `likes`
--

INSERT INTO `likes` (`userId`, `displayId`) VALUES
('aa4RnN2EX6XrxiCD1JAV4rIU8LQ0QqJg7ZukCU8s8xvMbe8F7Rb9jhme9bhX9afE', 'qbqqW09EYmOxThlglloL2PNmqlQKNRKY'),
('', 'iXWyvsifE4VrhPFja7lJeu0dox0Cot4p'),
('', 'GXrpG7tdulwi7bJOT2pclUtk2tUPVjYx'),
('aa4RnN2EX6XrxiCD1JAV4rIU8LQ0QqJg7ZukCU8s8xvMbe8F7Rb9jhme9bhX9afE', 'GXrpG7tdulwi7bJOT2pclUtk2tUPVjYx'),
('aa4RnN2EX6XrxiCD1JAV4rIU8LQ0QqJg7ZukCU8s8xvMbe8F7Rb9jhme9bhX9afE', '1OScSHeFYAi7W6qi0WTHKz2eocc7ySLy'),
('', 's3OfOQZXybUou5uXP4mGnyptbqoJpAKQ'),
('', ''),
('A1l1qJE3jymci2amSi4d0IgGzUU5WKptWmTyuzXuXF7FnfukbeeCsF4Se9bj3c78', 'b7To8vHwCguO0AOxBV5Brt2jR96cK8eK'),
('A1l1qJE3jymci2amSi4d0IgGzUU5WKptWmTyuzXuXF7FnfukbeeCsF4Se9bj3c78', 'XjL3Ev5weliiupNv2TR8jklgICLdz7OV'),
('', 'rtGYwQawzceP4jMOMsq4WwU3rwE6j7vl');

-- --------------------------------------------------------

--
-- Table structure for table `recoveryCodes`
--

CREATE TABLE `recoveryCodes` (
  `email` varchar(64) CHARACTER SET utf8mb3 COLLATE utf8mb3_unicode_ci NOT NULL,
  `code` varchar(64) CHARACTER SET utf8mb3 COLLATE utf8mb3_unicode_ci NOT NULL,
  `dateIssued` varchar(64) CHARACTER SET utf8mb3 COLLATE utf8mb3_unicode_ci NOT NULL
) ENGINE=InnoDB DEFAULT CHARSET=utf8mb3 COLLATE=utf8mb3_unicode_ci;

--
-- Dumping data for table `recoveryCodes`
--

INSERT INTO `recoveryCodes` (`email`, `code`, `dateIssued`) VALUES
('', '47It', '22');

-- --------------------------------------------------------

--
-- Table structure for table `Users`
--

CREATE TABLE `Users` (
  `userId` varchar(64) CHARACTER SET utf8mb3 COLLATE utf8mb3_unicode_ci NOT NULL,
  `name` varchar(64) CHARACTER SET utf8mb3 COLLATE utf8mb3_unicode_ci NOT NULL,
  `email` varchar(64) CHARACTER SET utf8mb3 COLLATE utf8mb3_unicode_ci NOT NULL,
  `password` varchar(64) CHARACTER SET utf8mb3 COLLATE utf8mb3_unicode_ci NOT NULL,
  `timeCreated` varchar(64) CHARACTER SET utf8mb3 COLLATE utf8mb3_unicode_ci NOT NULL,
  `DateCreated` timestamp NOT NULL DEFAULT CURRENT_TIMESTAMP,
  `user_id` bigint UNSIGNED NOT NULL,
  `profilePicture` varchar(64) CHARACTER SET utf8mb3 COLLATE utf8mb3_unicode_ci NOT NULL
) ENGINE=InnoDB DEFAULT CHARSET=utf8mb3 COLLATE=utf8mb3_unicode_ci;

--
-- Dumping data for table `Users`
--

INSERT INTO `Users` (`userId`, `name`, `email`, `password`, `timeCreated`, `DateCreated`, `user_id`, `profilePicture`) VALUES
('aa4RnN2EX6XrxiCD1JAV4rIU8LQ0QqJg7ZukCU8s8xvMbe8F7Rb9jhme9bhX9afE', 'Willeujeans', '', '$2y$10$RZyM3CioY5EnVmAlDrzhSuFjPq8k2X1FkAhgI48a/OIPB.e5gBE1K', 'February 21, 2023, 3:17 pm', '2023-02-26 02:46:43', 1, 'loUOavXwySbQ0dUtQ1qjUTgZqqqOwpz7'),
('A1l1qJE3jymci2amSi4d0IgGzUU5WKptWmTyuzXuXF7FnfukbeeCsF4Se9bj3c78', 'chef', 'willeujeans@gmail.com', '$2y$10$rcFZ61p3vrxHyPpXjV6gKOzXfnD/WQuNrpzdBCoCc0jgkHkmpaTQW', 'February 26, 2023, 12:02 am', '2023-02-26 06:02:07', 2, 'uSiSMP3rOU6EYW9zyxAx8SblRYhnJn3j'),
('ErFot8HRtHVhMhwhOQCK9GyyCSPBTmsoM3y7dB9AiF4gJA6OPD8wvgMzIKqSwTaA', 'Haphazard', '', '$2y$10$CZ4DXLAIm9JUAIsXlqXFzes.gHCL8X6OxJYlGuX2ZMkVHl/syQS06', 'May 10, 2023, 1:30 pm', '2023-05-10 18:30:25', 9, '');

--
-- Indexes for dumped tables
--

--
-- Indexes for table `displays`
--
ALTER TABLE `displays`
  ADD PRIMARY KEY (`code`),
  ADD KEY `authorId` (`authorId`),
  ADD KEY `author` (`author`),
  ADD KEY `timeUploaded` (`timeUploaded`),
  ADD KEY `title` (`title`),
  ADD KEY `created` (`created`);

--
-- Indexes for table `Users`
--
ALTER TABLE `Users`
  ADD PRIMARY KEY (`user_id`),
  ADD UNIQUE KEY `userId` (`userId`),
  ADD KEY `name` (`name`),
  ADD KEY `DateCreated` (`DateCreated`);

--
-- AUTO_INCREMENT for dumped tables
--

--
-- AUTO_INCREMENT for table `Users`
--
ALTER TABLE `Users`
  MODIFY `user_id` bigint UNSIGNED NOT NULL AUTO_INCREMENT, AUTO_INCREMENT=10;
COMMIT;

/*!40101 SET CHARACTER_SET_CLIENT=@OLD_CHARACTER_SET_CLIENT */;
/*!40101 SET CHARACTER_SET_RESULTS=@OLD_CHARACTER_SET_RESULTS */;
/*!40101 SET COLLATION_CONNECTION=@OLD_COLLATION_CONNECTION */;
